name,api_name,api_id,api_sortno,api_filename,api_version,swf
Nagato,長門,80,1,jnxoytktolbb,9,http://203.104.209.71/kcs/resources/swf/ships/jnxoytktolbb.swf
Nagato Kai,長門改,275,1375,szgthkexanxl,9,http://203.104.209.71/kcs/resources/swf/ships/szgthkexanxl.swf
Mutsu,陸奥,81,2,jkjqeleyhbus,5,http://203.104.209.71/kcs/resources/swf/ships/jkjqeleyhbus.swf
Mutsu Kai,陸奥改,276,1376,hujriolkmhzy,5,http://203.104.209.71/kcs/resources/swf/ships/hujriolkmhzy.swf
Ise,伊勢,77,3,skgpomqtcedb,8,http://203.104.209.71/kcs/resources/swf/ships/skgpomqtcedb.swf
Ise Kai,伊勢改,82,102,guwzhmxxnwol,9,http://203.104.209.71/kcs/resources/swf/ships/guwzhmxxnwol.swf
Hyuuga,日向,87,4,cfqmhviykuup,14,http://203.104.209.71/kcs/resources/swf/ships/cfqmhviykuup.swf
Hyuuga Kai,日向改,88,103,jprpbvbeillv,15,http://203.104.209.71/kcs/resources/swf/ships/jprpbvbeillv.swf
Yukikaze,雪風,20,5,pueufyccujmd,5,http://203.104.209.71/kcs/resources/swf/ships/pueufyccujmd.swf
Yukikaze Kai,雪風改,228,1328,avfbkpphumso,5,http://203.104.209.71/kcs/resources/swf/ships/avfbkpphumso.swf
Akagi,赤城,83,6,uswetrxvttms,8,http://203.104.209.71/kcs/resources/swf/ships/uswetrxvttms.swf
Akagi Kai,赤城改,277,1377,gtmwrbaniaud,7,http://203.104.209.71/kcs/resources/swf/ships/gtmwrbaniaud.swf
Kaga,加賀,84,7,oeimwwkynzlt,5,http://203.104.209.71/kcs/resources/swf/ships/oeimwwkynzlt.swf
Kaga Kai,加賀改,278,1378,uuqdlbtrkmvk,5,http://203.104.209.71/kcs/resources/swf/ships/uuqdlbtrkmvk.swf
Souryuu,蒼龍,90,8,nppdykjbwmkx,10,http://203.104.209.71/kcs/resources/swf/ships/nppdykjbwmkx.swf
Souryuu Kai,蒼龍改,279,1379,mxohelwcpocv,10,http://203.104.209.71/kcs/resources/swf/ships/mxohelwcpocv.swf
Hiryuu,飛龍,91,9,gobumojesgfi,9,http://203.104.209.71/kcs/resources/swf/ships/gobumojesgfi.swf
Hiryuu Kai,飛龍改,280,1380,kftqxfempust,9,http://203.104.209.71/kcs/resources/swf/ships/kftqxfempust.swf
Shimakaze,島風,50,10,uffgxggsrtti,5,http://203.104.209.71/kcs/resources/swf/ships/uffgxggsrtti.swf
Shimakaze Kai,島風改,229,1329,cjhtlviffiwb,6,http://203.104.209.71/kcs/resources/swf/ships/cjhtlviffiwb.swf
Fubuki,吹雪,9,11,gyckjmemgqoe,13,http://203.104.209.71/kcs/resources/swf/ships/gyckjmemgqoe.swf
Fubuki Kai,吹雪改,201,1301,dufziinsornt,13,http://203.104.209.71/kcs/resources/swf/ships/dufziinsornt.swf
Fubuki Kai2,吹雪改二,426,226,rtkekdbkqrkg,10,http://203.104.209.71/kcs/resources/swf/ships/rtkekdbkqrkg.swf
Shirayuki,白雪,10,12,xqnkdultpvaf,9,http://203.104.209.71/kcs/resources/swf/ships/xqnkdultpvaf.swf
Shirayuki Kai,白雪改,202,1302,kkpwecgmftci,10,http://203.104.209.71/kcs/resources/swf/ships/kkpwecgmftci.swf
Hatsuyuki,初雪,32,13,pxogwcltgjkn,11,http://203.104.209.71/kcs/resources/swf/ships/pxogwcltgjkn.swf
Hatsuyuki Kai,初雪改,203,1303,sejqtlkfjwkc,11,http://203.104.209.71/kcs/resources/swf/ships/sejqtlkfjwkc.swf
Miyuki,深雪,11,14,cdidanqovcfr,7,http://203.104.209.71/kcs/resources/swf/ships/cdidanqovcfr.swf
Miyuki Kai,深雪改,204,1304,zlshfpystoqp,7,http://203.104.209.71/kcs/resources/swf/ships/zlshfpystoqp.swf
Murakumo,叢雲,33,15,hpfcwdqxgyvl,12,http://203.104.209.71/kcs/resources/swf/ships/hpfcwdqxgyvl.swf
Murakumo Kai,叢雲改,205,1305,rmcvsljwdyur,11,http://203.104.209.71/kcs/resources/swf/ships/rmcvsljwdyur.swf
Murakumo Kai2,叢雲改二,420,220,ugxgvgtjsxud,5,http://203.104.209.71/kcs/resources/swf/ships/ugxgvgtjsxud.swf
Isonami,磯波,12,16,ljesxnctkmmf,7,http://203.104.209.71/kcs/resources/swf/ships/ljesxnctkmmf.swf
Isonami Kai,磯波改,206,1306,olkahitypycq,7,http://203.104.209.71/kcs/resources/swf/ships/olkahitypycq.swf
Ayanami,綾波,13,17,icpexclhwthr,8,http://203.104.209.71/kcs/resources/swf/ships/icpexclhwthr.swf
Ayanami Kai,綾波改,207,1307,sgpilzypnejy,8,http://203.104.209.71/kcs/resources/swf/ships/sgpilzypnejy.swf
Shikinami,敷波,14,18,gcbiuhgmgjbm,8,http://203.104.209.71/kcs/resources/swf/ships/gcbiuhgmgjbm.swf
Shikinami Kai,敷波改,208,1308,epjlpvhwcjvw,8,http://203.104.209.71/kcs/resources/swf/ships/epjlpvhwcjvw.swf
Ooi,大井,24,19,yomyfjkhndny,10,http://203.104.209.71/kcs/resources/swf/ships/yomyfjkhndny.swf
Ooi Kai,大井改,57,97,gonohkjynpmb,11,http://203.104.209.71/kcs/resources/swf/ships/gonohkjynpmb.swf
Ooi Kai2,大井改二,118,114,khtgrpfyurcm,11,http://203.104.209.71/kcs/resources/swf/ships/khtgrpfyurcm.swf
Kitakami,北上,25,20,oxqlrctsmegi,8,http://203.104.209.71/kcs/resources/swf/ships/oxqlrctsmegi.swf
Kitakami Kai,北上改,58,98,jdqefjcpslli,9,http://203.104.209.71/kcs/resources/swf/ships/jdqefjcpslli.swf
Kitakami Kai2,北上改二,119,115,cqtlanpwihpj,9,http://203.104.209.71/kcs/resources/swf/ships/cqtlanpwihpj.swf
Kongou,金剛,78,21,oygjwmgvcdyv,11,http://203.104.209.71/kcs/resources/swf/ships/oygjwmgvcdyv.swf
Kongou Kai,金剛改,209,1309,fxypdctjnicq,11,http://203.104.209.71/kcs/resources/swf/ships/fxypdctjnicq.swf
Kongou Kai2,金剛改二,149,149,wugwvdccggcp,11,http://203.104.209.71/kcs/resources/swf/ships/wugwvdccggcp.swf
Hiei,比叡,86,22,bxzhnjffdppv,7,http://203.104.209.71/kcs/resources/swf/ships/bxzhnjffdppv.swf
Hiei Kai,比叡改,210,1310,iatmdvvwlngq,8,http://203.104.209.71/kcs/resources/swf/ships/iatmdvvwlngq.swf
Hiei Kai2,比叡改二,150,150,mhpalcnpxmgz,7,http://203.104.209.71/kcs/resources/swf/ships/mhpalcnpxmgz.swf
Haruna,榛名,79,23,vzgrqylbwegp,7,http://203.104.209.71/kcs/resources/swf/ships/vzgrqylbwegp.swf
Haruna Kai,榛名改,211,1311,nolhhoujolpc,7,http://203.104.209.71/kcs/resources/swf/ships/nolhhoujolpc.swf
Kirishima,霧島,85,24,icwowutxbvgh,7,http://203.104.209.71/kcs/resources/swf/ships/icwowutxbvgh.swf
Kirishima Kai,霧島改,212,1312,kexwyrcqjxfs,7,http://203.104.209.71/kcs/resources/swf/ships/kexwyrcqjxfs.swf
Kirishima Kai2,霧島改二,152,152,kspwuqsyhipy,7,http://203.104.209.71/kcs/resources/swf/ships/kspwuqsyhipy.swf
Houshou,鳳翔,89,25,bwgbubdrhvfg,1,http://203.104.209.71/kcs/resources/swf/ships/bwgbubdrhvfg.swf
Houshou Kai,鳳翔改,285,1385,xjotoxrgwfrj,1,http://203.104.209.71/kcs/resources/swf/ships/xjotoxrgwfrj.swf
Fusou,扶桑,26,26,ubntuiyurxwk,9,http://203.104.209.71/kcs/resources/swf/ships/ubntuiyurxwk.swf
Fusou Kai,扶桑改,286,1386,mnkjkgammeds,9,http://203.104.209.71/kcs/resources/swf/ships/mnkjkgammeds.swf
Yamashiro,山城,27,27,dyurkaeenkdh,8,http://203.104.209.71/kcs/resources/swf/ships/dyurkaeenkdh.swf
Yamashiro Kai,山城改,287,1387,bnbdxfioqxtt,9,http://203.104.209.71/kcs/resources/swf/ships/bnbdxfioqxtt.swf
Tenryuu,天龍,51,28,vswgjojfoqdc,6,http://203.104.209.71/kcs/resources/swf/ships/vswgjojfoqdc.swf
Tenryuu Kai,天龍改,213,1313,wjcrloeyiyxw,7,http://203.104.209.71/kcs/resources/swf/ships/wjcrloeyiyxw.swf
Tatsuta,龍田,52,29,qvqlfmytkmor,6,http://203.104.209.71/kcs/resources/swf/ships/qvqlfmytkmor.swf
Tatsuta Kai,龍田改,214,1314,chmytqkkilrv,7,http://203.104.209.71/kcs/resources/swf/ships/chmytqkkilrv.swf
Ryuujou,龍驤,76,30,iyondwbusgym,7,http://203.104.209.71/kcs/resources/swf/ships/iyondwbusgym.swf
Ryuujou Kai,龍驤改,281,1381,wvcpwlwuxwhq,8,http://203.104.209.71/kcs/resources/swf/ships/wvcpwlwuxwhq.swf
Mutsuki,睦月,1,31,snohitatusbk,12,http://203.104.209.71/kcs/resources/swf/ships/snohitatusbk.swf
Mutsuki Kai,睦月改,254,1354,pvomxydmldoi,12,http://203.104.209.71/kcs/resources/swf/ships/pvomxydmldoi.swf
Mutsuki Kai2,睦月改二,434,234,idhoawqrgkqh,6,http://203.104.209.71/kcs/resources/swf/ships/idhoawqrgkqh.swf
Kisaragi,如月,2,32,wujywbyjntbp,13,http://203.104.209.71/kcs/resources/swf/ships/wujywbyjntbp.swf
Kisaragi Kai,如月改,255,1355,lwlmcwxyvcyz,13,http://203.104.209.71/kcs/resources/swf/ships/lwlmcwxyvcyz.swf
Kisaragi Kai2,如月改二,435,235,ygqdfllpkbee,7,http://203.104.209.71/kcs/resources/swf/ships/ygqdfllpkbee.swf
Satsuki,皐月,28,33,qvmfwjitflgw,5,http://203.104.209.71/kcs/resources/swf/ships/qvmfwjitflgw.swf
Satsuki Kai,皐月改,256,1356,ttcofyyswaum,5,http://203.104.209.71/kcs/resources/swf/ships/ttcofyyswaum.swf
Fumizuki,文月,29,34,pjkwpxniwgge,6,http://203.104.209.71/kcs/resources/swf/ships/pjkwpxniwgge.swf
Fumizuki Kai,文月改,257,1357,ysgtnamukxoi,6,http://203.104.209.71/kcs/resources/swf/ships/ysgtnamukxoi.swf
Nagatsuki,長月,6,35,kksiqffpclxh,3,http://203.104.209.71/kcs/resources/swf/ships/kksiqffpclxh.swf
Nagatsuki Kai,長月改,258,1358,wrxtfahvtyqi,3,http://203.104.209.71/kcs/resources/swf/ships/wrxtfahvtyqi.swf
Kikuzuki,菊月,30,36,jatvhskutlck,3,http://203.104.209.71/kcs/resources/swf/ships/jatvhskutlck.swf
Kikuzuki Kai,菊月改,259,1359,zrrxemjrtmql,3,http://203.104.209.71/kcs/resources/swf/ships/zrrxemjrtmql.swf
Mikazuki,三日月,7,37,ujhxqqlcorxv,3,http://203.104.209.71/kcs/resources/swf/ships/ujhxqqlcorxv.swf
Mikazuki Kai,三日月改,260,1360,sxrrihbkdkjl,3,http://203.104.209.71/kcs/resources/swf/ships/sxrrihbkdkjl.swf
Mochizuki,望月,31,38,isiuepygxdzq,8,http://203.104.209.71/kcs/resources/swf/ships/isiuepygxdzq.swf
Mochizuki Kai,望月改,261,1361,aufduiatycow,8,http://203.104.209.71/kcs/resources/swf/ships/aufduiatycow.swf
Kuma,球磨,99,39,zrmviexnupjy,6,http://203.104.209.71/kcs/resources/swf/ships/zrmviexnupjy.swf
Kuma Kai,球磨改,215,1315,mbgjkzlvemui,6,http://203.104.209.71/kcs/resources/swf/ships/mbgjkzlvemui.swf
Tama,多摩,100,40,jiftwdxqwtin,6,http://203.104.209.71/kcs/resources/swf/ships/jiftwdxqwtin.swf
Tama Kai,多摩改,216,1316,cxhxktltjtbg,6,http://203.104.209.71/kcs/resources/swf/ships/cxhxktltjtbg.swf
Kiso,木曾,101,41,veulocbvzaqy,7,http://203.104.209.71/kcs/resources/swf/ships/veulocbvzaqy.swf
Kiso Kai,木曾改,217,1317,gjyqwffsmfgw,7,http://203.104.209.71/kcs/resources/swf/ships/gjyqwffsmfgw.swf
Kiso Kai2,木曾改二,146,146,gpfqngdreebe,8,http://203.104.209.71/kcs/resources/swf/ships/gpfqngdreebe.swf
Nagara,長良,21,42,debsnofmttkx,2,http://203.104.209.71/kcs/resources/swf/ships/debsnofmttkx.swf
Nagara Kai,長良改,218,1318,jmpkkzqwgxtc,3,http://203.104.209.71/kcs/resources/swf/ships/jmpkkzqwgxtc.swf
Isuzu,五十鈴,22,43,tcqsalkhzurk,1,http://203.104.209.71/kcs/resources/swf/ships/tcqsalkhzurk.swf
Isuzu Kai,五十鈴改,219,1319,espxbipsjiyt,1,http://203.104.209.71/kcs/resources/swf/ships/espxbipsjiyt.swf
Isuzu Kai2,五十鈴改二,141,141,nnkmuxqyewyk,2,http://203.104.209.71/kcs/resources/swf/ships/nnkmuxqyewyk.swf
Natori,名取,53,44,bqwjdltjktls,2,http://203.104.209.71/kcs/resources/swf/ships/bqwjdltjktls.swf
Natori Kai,名取改,221,1321,aqgjvutybsbk,3,http://203.104.209.71/kcs/resources/swf/ships/aqgjvutybsbk.swf
Yura,由良,23,45,shjlydqjdfcl,11,http://203.104.209.71/kcs/resources/swf/ships/shjlydqjdfcl.swf
Yura Kai,由良改,220,1320,xtqbjysffsvx,11,http://203.104.209.71/kcs/resources/swf/ships/xtqbjysffsvx.swf
Sendai,川内,54,46,nehcyhpiviue,5,http://203.104.209.71/kcs/resources/swf/ships/nehcyhpiviue.swf
Sendai Kai,川内改,222,1322,zhixojcwijfj,5,http://203.104.209.71/kcs/resources/swf/ships/zhixojcwijfj.swf
Jintsuu,神通,55,47,icmlpbiditqy,5,http://203.104.209.71/kcs/resources/swf/ships/icmlpbiditqy.swf
Jintsuu Kai,神通改,223,1323,ncijtxixkghu,5,http://203.104.209.71/kcs/resources/swf/ships/ncijtxixkghu.swf
Jintsuu Kai2,神通改二,159,159,xyqotgpmnjih,7,http://203.104.209.71/kcs/resources/swf/ships/xyqotgpmnjih.swf
Naka,那珂,56,48,vopfxipptsrt,9,http://203.104.209.71/kcs/resources/swf/ships/vopfxipptsrt.swf
Naka Kai,那珂改,224,1324,vxkcklmfevkk,9,http://203.104.209.71/kcs/resources/swf/ships/vxkcklmfevkk.swf
Naka Kai2,那珂改二,160,160,lvjcqqulbluo,8,http://203.104.209.71/kcs/resources/swf/ships/lvjcqqulbluo.swf
Chitose,千歳,102,49,dkmxevqgbxmr,2,http://203.104.209.71/kcs/resources/swf/ships/dkmxevqgbxmr.swf
Chitose Kai,千歳改,104,95,wvkpfygaipjq,3,http://203.104.209.71/kcs/resources/swf/ships/wvkpfygaipjq.swf
Chitose A,千歳甲,106,99,ttkeodhvrmog,3,http://203.104.209.71/kcs/resources/swf/ships/ttkeodhvrmog.swf
Chitose CVL,千歳航,108,104,wlvvcpnulyer,3,http://203.104.209.71/kcs/resources/swf/ships/wlvvcpnulyer.swf
Chitose CVL Kai,千歳航改,291,1391,ufcqfujavyyg,2,http://203.104.209.71/kcs/resources/swf/ships/ufcqfujavyyg.swf
Chitose CVL Kai2,千歳航改二,296,121,kavryopoywwx,3,http://203.104.209.71/kcs/resources/swf/ships/kavryopoywwx.swf
Chiyoda,千代田,103,50,cayfwlehtvgj,2,http://203.104.209.71/kcs/resources/swf/ships/cayfwlehtvgj.swf
Chiyoda Kai,千代田改,105,96,tsfbgfyeqxhg,5,http://203.104.209.71/kcs/resources/swf/ships/tsfbgfyeqxhg.swf
Chiyoda A,千代田甲,107,100,agybvcshxbpm,5,http://203.104.209.71/kcs/resources/swf/ships/agybvcshxbpm.swf
Chiyoda CVL,千代田航,109,105,rsmzverhwskc,4,http://203.104.209.71/kcs/resources/swf/ships/rsmzverhwskc.swf
Chiyoda CVL Kai,千代田航改,292,1392,hgitzuyaysvw,2,http://203.104.209.71/kcs/resources/swf/ships/hgitzuyaysvw.swf
Chiyoda CVL Kai2,千代田航改二,297,122,jhefpwucyxiq,3,http://203.104.209.71/kcs/resources/swf/ships/jhefpwucyxiq.swf
Mogami,最上,70,51,lcmobkdeizph,3,http://203.104.209.71/kcs/resources/swf/ships/lcmobkdeizph.swf
Mogami Kai,最上改,73,101,ethdbrvnuznc,4,http://203.104.209.71/kcs/resources/swf/ships/ethdbrvnuznc.swf
Furutaka,古鷹,59,52,sfbwblstvfmw,10,http://203.104.209.71/kcs/resources/swf/ships/sfbwblstvfmw.swf
Furutaka Kai,古鷹改,262,1362,iolnrzaovbhn,10,http://203.104.209.71/kcs/resources/swf/ships/iolnrzaovbhn.swf
Furutaka Kai2,古鷹改二,416,216,vqdgxtrgintc,11,http://203.104.209.71/kcs/resources/swf/ships/vqdgxtrgintc.swf
Kako,加古,60,53,vkmjguonqcsg,9,http://203.104.209.71/kcs/resources/swf/ships/vkmjguonqcsg.swf
Kako Kai,加古改,263,1363,qsmurjkprhku,10,http://203.104.209.71/kcs/resources/swf/ships/qsmurjkprhku.swf
Kako Kai2,加古改二,417,217,riiwaegupstv,4,http://203.104.209.71/kcs/resources/swf/ships/riiwaegupstv.swf
Aoba,青葉,61,54,bhyiqjjifflp,2,http://203.104.209.71/kcs/resources/swf/ships/bhyiqjjifflp.swf
Aoba Kai,青葉改,264,1364,udkkmzgsimgq,2,http://203.104.209.71/kcs/resources/swf/ships/udkkmzgsimgq.swf
Myoukou,妙高,62,55,grppcbegkphv,9,http://203.104.209.71/kcs/resources/swf/ships/grppcbegkphv.swf
Myoukou Kai,妙高改,265,1365,fcydxtnwtaon,9,http://203.104.209.71/kcs/resources/swf/ships/fcydxtnwtaon.swf
Nachi,那智,63,56,wnkageqzigwd,7,http://203.104.209.71/kcs/resources/swf/ships/wnkageqzigwd.swf
Nachi Kai,那智改,266,1366,nvftqenyroyu,7,http://203.104.209.71/kcs/resources/swf/ships/nvftqenyroyu.swf
Nachi Kai2,那智改二,192,192,bpegnatlfibc,7,http://203.104.209.71/kcs/resources/swf/ships/bpegnatlfibc.swf
Ashigara,足柄,64,57,opprvckvhrkv,7,http://203.104.209.71/kcs/resources/swf/ships/opprvckvhrkv.swf
Ashigara Kai,足柄改,267,1367,bekjyovmrmfd,7,http://203.104.209.71/kcs/resources/swf/ships/bekjyovmrmfd.swf
Ashigara Kai2,足柄改二,193,193,bxbyaifmqdxk,7,http://203.104.209.71/kcs/resources/swf/ships/bxbyaifmqdxk.swf
Haguro,羽黒,65,58,lvfswfzywnql,7,http://203.104.209.71/kcs/resources/swf/ships/lvfswfzywnql.swf
Haguro Kai,羽黒改,268,1368,uilfcyypnbwm,7,http://203.104.209.71/kcs/resources/swf/ships/uilfcyypnbwm.swf
Takao,高雄,66,59,eqpvjbnbjlhy,2,http://203.104.209.71/kcs/resources/swf/ships/eqpvjbnbjlhy.swf
Takao Kai,高雄改,269,1369,ghgphbvmzjrx,2,http://203.104.209.71/kcs/resources/swf/ships/ghgphbvmzjrx.swf
Atago,愛宕,67,60,aqpnbsizhjij,1,http://203.104.209.71/kcs/resources/swf/ships/aqpnbsizhjij.swf
Atago Kai,愛宕改,270,1370,gbkqnzirjyid,1,http://203.104.209.71/kcs/resources/swf/ships/gbkqnzirjyid.swf
Maya,摩耶,68,61,gpshoozxgutk,9,http://203.104.209.71/kcs/resources/swf/ships/gpshoozxgutk.swf
Maya Kai,摩耶改,271,1371,ajhdojqfykfu,9,http://203.104.209.71/kcs/resources/swf/ships/ajhdojqfykfu.swf
Maya Kai2,摩耶改二,428,228,xljtrrmemnon,6,http://203.104.209.71/kcs/resources/swf/ships/xljtrrmemnon.swf
Choukai,鳥海,69,62,qmmdyeprdqsu,11,http://203.104.209.71/kcs/resources/swf/ships/qmmdyeprdqsu.swf
Choukai Kai,鳥海改,272,1372,nsgytjsjbfdp,11,http://203.104.209.71/kcs/resources/swf/ships/nsgytjsjbfdp.swf
Choukai Kai2,鳥海改二,427,227,jcrdsdpsjcgj,7,http://203.104.209.71/kcs/resources/swf/ships/jcrdsdpsjcgj.swf
Tone,利根,71,63,kmcllyhenjnk,4,http://203.104.209.71/kcs/resources/swf/ships/kmcllyhenjnk.swf
Tone Kai,利根改,273,1373,fkatobgcyygb,4,http://203.104.209.71/kcs/resources/swf/ships/fkatobgcyygb.swf
Tone Kai2,利根改二,188,188,rjggwwmmppth,5,http://203.104.209.71/kcs/resources/swf/ships/rjggwwmmppth.swf
Chikuma,筑摩,72,64,gcqjowlpkbde,4,http://203.104.209.71/kcs/resources/swf/ships/gcqjowlpkbde.swf
Chikuma Kai,筑摩改,274,1374,paqnehcojygu,4,http://203.104.209.71/kcs/resources/swf/ships/paqnehcojygu.swf
Chikuma Kai2,筑摩改二,189,189,ilnimhfcivpt,5,http://203.104.209.71/kcs/resources/swf/ships/ilnimhfcivpt.swf
Hiyou,飛鷹,75,65,sdiauxhgyfkj,5,http://203.104.209.71/kcs/resources/swf/ships/sdiauxhgyfkj.swf
Hiyou Kai,飛鷹改,283,1383,yiwwnppitqpf,6,http://203.104.209.71/kcs/resources/swf/ships/yiwwnppitqpf.swf
Jun'you,隼鷹,92,66,ltdlvothcqnr,3,http://203.104.209.71/kcs/resources/swf/ships/ltdlvothcqnr.swf
Jun'you Kai,隼鷹改,284,1384,pwokyefpmqwi,3,http://203.104.209.71/kcs/resources/swf/ships/pwokyefpmqwi.swf
Oboro,朧,93,67,jqexjuembtvh,8,http://203.104.209.71/kcs/resources/swf/ships/jqexjuembtvh.swf
Oboro Kai,朧改,230,1330,sbdfpooechyn,8,http://203.104.209.71/kcs/resources/swf/ships/sbdfpooechyn.swf
Akebono,曙,15,68,fwptxiocqkyd,10,http://203.104.209.71/kcs/resources/swf/ships/fwptxiocqkyd.swf
Akebono Kai,曙改,231,1331,wnocckxgfmnh,10,http://203.104.209.71/kcs/resources/swf/ships/wnocckxgfmnh.swf
Sazanami,漣,94,69,lnarycubyzrr,10,http://203.104.209.71/kcs/resources/swf/ships/lnarycubyzrr.swf
Sazanami Kai,漣改,232,1332,xfxhmadcxfdq,10,http://203.104.209.71/kcs/resources/swf/ships/xfxhmadcxfdq.swf
Ushio,潮,16,70,xqjemfzdbjox,9,http://203.104.209.71/kcs/resources/swf/ships/xqjemfzdbjox.swf
Ushio Kai,潮改,233,1333,dpqjexkcixhw,9,http://203.104.209.71/kcs/resources/swf/ships/dpqjexkcixhw.swf
Ushio Kai2,潮改二,407,207,fsgwccpesgfh,9,http://203.104.209.71/kcs/resources/swf/ships/fsgwccpesgfh.swf
Akatsuki,暁,34,71,mtvkfikepcfr,1,http://203.104.209.71/kcs/resources/swf/ships/mtvkfikepcfr.swf
Akatsuki Kai,暁改,234,1334,slzosqvxjxus,1,http://203.104.209.71/kcs/resources/swf/ships/slzosqvxjxus.swf
Akatsuki Kai2,暁改二,437,237,gzerqivthcrd,1,http://203.104.209.71/kcs/resources/swf/ships/gzerqivthcrd.swf
Hibiki,響,35,72,nfzmalhtwved,1,http://203.104.209.71/kcs/resources/swf/ships/nfzmalhtwved.swf
Hibiki Kai,響改,235,1335,wpaqzeclspdr,1,http://203.104.209.71/kcs/resources/swf/ships/wpaqzeclspdr.swf
Verniy,Верный,147,147,gmqsmiszmftf,3,http://203.104.209.71/kcs/resources/swf/ships/gmqsmiszmftf.swf
Ikazuchi,雷,36,73,aejfywpsegbv,2,http://203.104.209.71/kcs/resources/swf/ships/aejfywpsegbv.swf
Ikazuchi Kai,雷改,236,1336,eathbqlrqvda,2,http://203.104.209.71/kcs/resources/swf/ships/eathbqlrqvda.swf
Inazuma,電,37,74,uuilouoffjoj,2,http://203.104.209.71/kcs/resources/swf/ships/uuilouoffjoj.swf
Inazuma Kai,電改,237,1337,bqvrrfdcuvdr,2,http://203.104.209.71/kcs/resources/swf/ships/bqvrrfdcuvdr.swf
Hatsuharu,初春,38,75,nlobofyxzvku,9,http://203.104.209.71/kcs/resources/swf/ships/nlobofyxzvku.swf
Hatsuharu Kai,初春改,238,1338,tedevipdbvdr,9,http://203.104.209.71/kcs/resources/swf/ships/tedevipdbvdr.swf
Nenohi,子日,39,76,zgerairddhko,9,http://203.104.209.71/kcs/resources/swf/ships/zgerairddhko.swf
Nenohi Kai,子日改,239,1339,nkrmsykdohgo,9,http://203.104.209.71/kcs/resources/swf/ships/nkrmsykdohgo.swf
Wakaba,若葉,40,77,ihuijkvksqky,5,http://203.104.209.71/kcs/resources/swf/ships/ihuijkvksqky.swf
Wakaba Kai,若葉改,240,1340,tkcwrodgemlj,6,http://203.104.209.71/kcs/resources/swf/ships/tkcwrodgemlj.swf
Hatsushimo,初霜,41,78,qngptlxhrwhj,7,http://203.104.209.71/kcs/resources/swf/ships/qngptlxhrwhj.swf
Hatsushimo Kai,初霜改,241,1341,woutqrqtdzqi,7,http://203.104.209.71/kcs/resources/swf/ships/woutqrqtdzqi.swf
Hatsushimo Kai2,初霜改二,419,219,ufgydlyjdaxb,5,http://203.104.209.71/kcs/resources/swf/ships/ufgydlyjdaxb.swf
Shiratsuyu,白露,42,79,ahztpphnuvco,13,http://203.104.209.71/kcs/resources/swf/ships/ahztpphnuvco.swf
Shiratsuyu Kai,白露改,242,1342,xcbmsjqrostq,14,http://203.104.209.71/kcs/resources/swf/ships/xcbmsjqrostq.swf
Shigure,時雨,43,80,kclrmkyzpnpc,15,http://203.104.209.71/kcs/resources/swf/ships/kclrmkyzpnpc.swf
Shigure Kai,時雨改,243,1343,wmskekfmgdio,15,http://203.104.209.71/kcs/resources/swf/ships/wmskekfmgdio.swf
Shigure Kai2,時雨改二,145,145,ogkwigciybxf,17,http://203.104.209.71/kcs/resources/swf/ships/ogkwigciybxf.swf
Murasame,村雨,44,81,fhaelooubkbi,14,http://203.104.209.71/kcs/resources/swf/ships/fhaelooubkbi.swf
Murasame Kai,村雨改,244,1344,wvnchfzhekfo,16,http://203.104.209.71/kcs/resources/swf/ships/wvnchfzhekfo.swf
Yuudachi,夕立,45,82,pnpixtolsebg,15,http://203.104.209.71/kcs/resources/swf/ships/pnpixtolsebg.swf
Yuudachi Kai,夕立改,245,1345,wpsyznjwvlmd,15,http://203.104.209.71/kcs/resources/swf/ships/wpsyznjwvlmd.swf
Yuudachi Kai2,夕立改二,144,144,lngqiqvigduj,15,http://203.104.209.71/kcs/resources/swf/ships/lngqiqvigduj.swf
Samidare,五月雨,46,83,tyjrubumfpxy,7,http://203.104.209.71/kcs/resources/swf/ships/tyjrubumfpxy.swf
Samidare Kai,五月雨改,246,1346,ofneitwqroxe,7,http://203.104.209.71/kcs/resources/swf/ships/ofneitwqroxe.swf
Suzukaze,涼風,47,84,qaryaychpubb,7,http://203.104.209.71/kcs/resources/swf/ships/qaryaychpubb.swf
Suzukaze Kai,涼風改,247,1347,jukighzxmudn,7,http://203.104.209.71/kcs/resources/swf/ships/jukighzxmudn.swf
Asashio,朝潮,95,85,eeyrwdehbixg,3,http://203.104.209.71/kcs/resources/swf/ships/eeyrwdehbixg.swf
Asashio Kai,朝潮改,248,1348,xbbfxeemifpv,3,http://203.104.209.71/kcs/resources/swf/ships/xbbfxeemifpv.swf
Ooshio,大潮,96,86,svcuufdqcqmy,4,http://203.104.209.71/kcs/resources/swf/ships/svcuufdqcqmy.swf
Ooshio Kai,大潮改,249,1349,ngcxxfxovpmn,4,http://203.104.209.71/kcs/resources/swf/ships/ngcxxfxovpmn.swf
Michishio,満潮,97,87,fhpgicaysllm,4,http://203.104.209.71/kcs/resources/swf/ships/fhpgicaysllm.swf
Michishio Kai,満潮改,250,1350,eypcwtnjgoyb,4,http://203.104.209.71/kcs/resources/swf/ships/eypcwtnjgoyb.swf
Arashio,荒潮,98,88,vksjkggcuvik,2,http://203.104.209.71/kcs/resources/swf/ships/vksjkggcuvik.swf
Arashio Kai,荒潮改,251,1351,pmjnkqodgjpo,2,http://203.104.209.71/kcs/resources/swf/ships/pmjnkqodgjpo.swf
Arare,霰,48,89,oiknslickotp,2,http://203.104.209.71/kcs/resources/swf/ships/oiknslickotp.swf
Arare Kai,霰改,252,1352,oxttbkywusfp,2,http://203.104.209.71/kcs/resources/swf/ships/oxttbkywusfp.swf
Kasumi,霞,49,90,qukusrsftcgy,2,http://203.104.209.71/kcs/resources/swf/ships/qukusrsftcgy.swf
Kasumi Kai,霞改,253,1353,ohpnwjgzfesg,2,http://203.104.209.71/kcs/resources/swf/ships/ohpnwjgzfesg.swf
Kagerou,陽炎,17,91,nkvvrszimkre,6,http://203.104.209.71/kcs/resources/swf/ships/nkvvrszimkre.swf
Kagerou Kai,陽炎改,225,1325,ffyychaekjsj,6,http://203.104.209.71/kcs/resources/swf/ships/ffyychaekjsj.swf
Shiranui,不知火,18,92,louolngpmrwj,6,http://203.104.209.71/kcs/resources/swf/ships/louolngpmrwj.swf
Shiranui Kai,不知火改,226,1326,algyyokhbnwz,6,http://203.104.209.71/kcs/resources/swf/ships/algyyokhbnwz.swf
Kuroshio,黒潮,19,93,ihengpjwmfrt,6,http://203.104.209.71/kcs/resources/swf/ships/ihengpjwmfrt.swf
Kuroshio Kai,黒潮改,227,1327,qsnkljxqtrgb,7,http://203.104.209.71/kcs/resources/swf/ships/qsnkljxqtrgb.swf
Shouhou,祥鳳,74,94,qihrkkfwekpo,9,http://203.104.209.71/kcs/resources/swf/ships/qihrkkfwekpo.swf
Shouhou Kai,祥鳳改,282,1382,numjsnomjspr,9,http://203.104.209.71/kcs/resources/swf/ships/numjsnomjspr.swf
Shoukaku,翔鶴,110,106,pdricqoovxfe,6,http://203.104.209.71/kcs/resources/swf/ships/pdricqoovxfe.swf
Shoukaku Kai,翔鶴改,288,1388,vcftaofxkvgk,6,http://203.104.209.71/kcs/resources/swf/ships/vcftaofxkvgk.swf
Shoukaku Kai2,翔鶴改二,461,261,hpxsthymxmki,1,http://203.104.209.71/kcs/resources/swf/ships/hpxsthymxmki.swf
Shoukaku Kai2 A,翔鶴改二甲,466,266,ekuxnovhattm,1,http://203.104.209.71/kcs/resources/swf/ships/ekuxnovhattm.swf
Zuikaku,瑞鶴,111,107,suivtkpjnmpt,7,http://203.104.209.71/kcs/resources/swf/ships/suivtkpjnmpt.swf
Zuikaku Kai,瑞鶴改,112,108,ihwgeegenykh,8,http://203.104.209.71/kcs/resources/swf/ships/ihwgeegenykh.swf
Kinu,鬼怒,113,109,rgribyhrzjjl,8,http://203.104.209.71/kcs/resources/swf/ships/rgribyhrzjjl.swf
Kinu Kai,鬼怒改,289,1389,ikwmknqjpvkg,8,http://203.104.209.71/kcs/resources/swf/ships/ikwmknqjpvkg.swf
Abukuma,阿武隈,114,110,sgwumdfgzais,8,http://203.104.209.71/kcs/resources/swf/ships/sgwumdfgzais.swf
Abukuma Kai,阿武隈改,290,1390,uuxoixtoemiv,8,http://203.104.209.71/kcs/resources/swf/ships/uuxoixtoemiv.swf
Abukuma Kai2,阿武隈改二,200,200,qjkjyqhsvcpx,8,http://203.104.209.71/kcs/resources/swf/ships/qjkjyqhsvcpx.swf
Yuubari,夕張,115,111,hieimxbtcqrt,8,http://203.104.209.71/kcs/resources/swf/ships/hieimxbtcqrt.swf
Yuubari Kai,夕張改,293,1393,hfhcjjdyqyzn,8,http://203.104.209.71/kcs/resources/swf/ships/hfhcjjdyqyzn.swf
Zuihou,瑞鳳,116,112,ktexichqewel,10,http://203.104.209.71/kcs/resources/swf/ships/ktexichqewel.swf
Zuihou Kai,瑞鳳改,117,113,xmzltsferzto,11,http://203.104.209.71/kcs/resources/swf/ships/xmzltsferzto.swf
Mikuma,三隈,120,116,oqqerytyeisg,1,http://203.104.209.71/kcs/resources/swf/ships/oqqerytyeisg.swf
Mikuma Kai,三隈改,121,117,yyvxfxdusxlx,2,http://203.104.209.71/kcs/resources/swf/ships/yyvxfxdusxlx.swf
Hatsukaze,初風,190,118,rwqqgmxpdwbu,8,http://203.104.209.71/kcs/resources/swf/ships/rwqqgmxpdwbu.swf
Hatsukaze Kai,初風改,300,1396,ukwcjqlolezy,8,http://203.104.209.71/kcs/resources/swf/ships/ukwcjqlolezy.swf
Maikaze,舞風,122,119,emjpbjscgcvf,9,http://203.104.209.71/kcs/resources/swf/ships/emjpbjscgcvf.swf
Maikaze Kai,舞風改,294,1394,ssvrjquubpim,7,http://203.104.209.71/kcs/resources/swf/ships/ssvrjquubpim.swf
Kinugasa,衣笠,123,120,tyumrhcigliq,1,http://203.104.209.71/kcs/resources/swf/ships/tyumrhcigliq.swf
Kinugasa Kai,衣笠改,295,1395,qgkmjgfbanxl,1,http://203.104.209.71/kcs/resources/swf/ships/qgkmjgfbanxl.swf
Kinugasa Kai2,衣笠改二,142,142,ykrokmtrnaqw,2,http://203.104.209.71/kcs/resources/swf/ships/ykrokmtrnaqw.swf
I-19,伊19,191,123,jdsszkolhitg,1,http://203.104.209.71/kcs/resources/swf/ships/jdsszkolhitg.swf
I-19 Kai,伊19改,401,1501,jwrlielrnfpr,1,http://203.104.209.71/kcs/resources/swf/ships/jwrlielrnfpr.swf
Suzuya,鈴谷,124,124,lvmlqrzbobpe,8,http://203.104.209.71/kcs/resources/swf/ships/lvmlqrzbobpe.swf
Suzuya Kai,鈴谷改,129,129,oyjqdsswurhl,8,http://203.104.209.71/kcs/resources/swf/ships/oyjqdsswurhl.swf
Kumano,熊野,125,125,mlzpthwviwnf,8,http://203.104.209.71/kcs/resources/swf/ships/mlzpthwviwnf.swf
Kumano Kai,熊野改,130,130,pcdygwofwfib,8,http://203.104.209.71/kcs/resources/swf/ships/pcdygwofwfib.swf
I-168,伊168,126,126,wmzbyvhflrhy,2,http://203.104.209.71/kcs/resources/swf/ships/wmzbyvhflrhy.swf
I-168 Kai,伊168改,398,1498,dyfnguymthbd,2,http://203.104.209.71/kcs/resources/swf/ships/dyfnguymthbd.swf
I-58,伊58,127,127,fqbwbmmdcjby,1,http://203.104.209.71/kcs/resources/swf/ships/fqbwbmmdcjby.swf
I-58 Kai,伊58改,399,1499,hosmgvuzyjlw,1,http://203.104.209.71/kcs/resources/swf/ships/hosmgvuzyjlw.swf
I-8,伊8,128,128,zoaptkoerfpv,1,http://203.104.209.71/kcs/resources/swf/ships/zoaptkoerfpv.swf
I-8 Kai,伊8改,400,1500,fggcskrfkpnr,1,http://203.104.209.71/kcs/resources/swf/ships/fggcskrfkpnr.swf
Yamato,大和,131,131,liqjxscjkogx,2,http://203.104.209.71/kcs/resources/swf/ships/liqjxscjkogx.swf
Yamato Kai,大和改,136,136,drdaipjrohfl,3,http://203.104.209.71/kcs/resources/swf/ships/drdaipjrohfl.swf
Akigumo,秋雲,132,132,khxsxmiuccsf,1,http://203.104.209.71/kcs/resources/swf/ships/khxsxmiuccsf.swf
Akigumo Kai,秋雲改,301,1397,ijhrnvnbqkmj,1,http://203.104.209.71/kcs/resources/swf/ships/ijhrnvnbqkmj.swf
Yuugumo,夕雲,133,133,jtfihmyrvmiw,1,http://203.104.209.71/kcs/resources/swf/ships/jtfihmyrvmiw.swf
Yuugumo Kai,夕雲改,302,1398,bbgkikxppksy,1,http://203.104.209.71/kcs/resources/swf/ships/bbgkikxppksy.swf
Makigumo,巻雲,134,134,piobwloefpcz,1,http://203.104.209.71/kcs/resources/swf/ships/piobwloefpcz.swf
Makigumo Kai,巻雲改,303,1399,gekgxdsvrliq,1,http://203.104.209.71/kcs/resources/swf/ships/gekgxdsvrliq.swf
Naganami,長波,135,135,xwvykvklvvqk,1,http://203.104.209.71/kcs/resources/swf/ships/xwvykvklvvqk.swf
Naganami Kai,長波改,304,1400,lovstgcfspwr,1,http://203.104.209.71/kcs/resources/swf/ships/lovstgcfspwr.swf
Agano,阿賀野,137,137,ljzijyhhgrnx,1,http://203.104.209.71/kcs/resources/swf/ships/ljzijyhhgrnx.swf
Agano Kai,阿賀野改,305,1401,cmpqwemjahur,1,http://203.104.209.71/kcs/resources/swf/ships/cmpqwemjahur.swf
Noshiro,能代,138,138,lpiecumljbyp,1,http://203.104.209.71/kcs/resources/swf/ships/lpiecumljbyp.swf
Noshiro Kai,能代改,306,1402,hvnqlrdovfqe,1,http://203.104.209.71/kcs/resources/swf/ships/hvnqlrdovfqe.swf
Yahagi,矢矧,139,139,hmivswfdmdem,1,http://203.104.209.71/kcs/resources/swf/ships/hmivswfdmdem.swf
Yahagi Kai,矢矧改,307,1403,acajrnrqxplq,1,http://203.104.209.71/kcs/resources/swf/ships/acajrnrqxplq.swf
Musashi,武蔵,143,143,ilxnmfogntbo,1,http://203.104.209.71/kcs/resources/swf/ships/ilxnmfogntbo.swf
Musashi Kai,武蔵改,148,148,eqgvmdsvjerq,2,http://203.104.209.71/kcs/resources/swf/ships/eqgvmdsvjerq.swf
Taihou,大鳳,153,153,ysidnchjxvfc,1,http://203.104.209.71/kcs/resources/swf/ships/ysidnchjxvfc.swf
Taihou Kai,大鳳改,156,156,vsnkqdgtcjbs,2,http://203.104.209.71/kcs/resources/swf/ships/vsnkqdgtcjbs.swf
I-401,伊401,155,155,hmiwrqvijwvv,1,http://203.104.209.71/kcs/resources/swf/ships/hmiwrqvijwvv.swf
I-401 Kai,伊401改,403,1503,tuvoqtqrddem,1,http://203.104.209.71/kcs/resources/swf/ships/tuvoqtqrddem.swf
Akitsu Maru,あきつ丸,161,161,nvnwjedsdgcl,1,http://203.104.209.71/kcs/resources/swf/ships/nvnwjedsdgcl.swf
Akitsu Maru Kai,あきつ丸改,166,166,vxryfhvytcig,3,http://203.104.209.71/kcs/resources/swf/ships/vxryfhvytcig.swf
Maruyu,まるゆ,163,163,joaeulumcgbh,1,http://203.104.209.71/kcs/resources/swf/ships/joaeulumcgbh.swf
Maruyu Kai,まるゆ改,402,1502,nrdgjqcgecmg,1,http://203.104.209.71/kcs/resources/swf/ships/nrdgjqcgecmg.swf
Yayoi,弥生,164,164,jnvcrrgmtvwl,7,http://203.104.209.71/kcs/resources/swf/ships/jnvcrrgmtvwl.swf
Yayoi Kai,弥生改,308,1404,ozjrctjajnpx,7,http://203.104.209.71/kcs/resources/swf/ships/ozjrctjajnpx.swf
Uzuki,卯月,165,165,gjtvekieqatn,7,http://203.104.209.71/kcs/resources/swf/ships/gjtvekieqatn.swf
Uzuki Kai,卯月改,309,1405,xwjlobdutrwv,8,http://203.104.209.71/kcs/resources/swf/ships/xwjlobdutrwv.swf
Bismarck,Bismarck,171,171,ntmjjittqkcj,5,http://203.104.209.71/kcs/resources/swf/ships/ntmjjittqkcj.swf
Bismarck Kai,Bismarck改,172,172,frkfpymtydmg,7,http://203.104.209.71/kcs/resources/swf/ships/frkfpymtydmg.swf
Bismarck Zwei,Bismarck zwei,173,173,etxdlqnvwqtx,6,http://203.104.209.71/kcs/resources/swf/ships/etxdlqnvwqtx.swf
Z1,Z1,174,174,pvhdtbuddjhb,3,http://203.104.209.71/kcs/resources/swf/ships/pvhdtbuddjhb.swf
Z1 Kai,Z1改,310,1406,vbuxfozqoemo,2,http://203.104.209.71/kcs/resources/swf/ships/vbuxfozqoemo.swf
Z1 Zwei,Z1 zwei,179,179,qgkjswznylty,2,http://203.104.209.71/kcs/resources/swf/ships/qgkjswznylty.swf
Z3,Z3,175,175,rxzrrkjqvyqy,2,http://203.104.209.71/kcs/resources/swf/ships/rxzrrkjqvyqy.swf
Z3 Kai,Z3改,311,1407,vksfcnchqurh,1,http://203.104.209.71/kcs/resources/swf/ships/vksfcnchqurh.swf
Z3 Zwei,Z3 zwei,180,180,utmejyqmcvbk,1,http://203.104.209.71/kcs/resources/swf/ships/utmejyqmcvbk.swf
Hamakaze,浜風,170,170,rubtymuqfeuq,11,http://203.104.209.71/kcs/resources/swf/ships/rubtymuqfeuq.swf
Hamakaze Kai,浜風改,312,1408,ojkgkujsenly,11,http://203.104.209.71/kcs/resources/swf/ships/ojkgkujsenly.swf
Amatsukaze,天津風,181,181,fdpybckruodj,1,http://203.104.209.71/kcs/resources/swf/ships/fdpybckruodj.swf
Amatsukaze Kai,天津風改,316,1411,cpcycglgelxd,1,http://203.104.209.71/kcs/resources/swf/ships/cpcycglgelxd.swf
Tanikaze,谷風,169,169,gsrzkautnghc,6,http://203.104.209.71/kcs/resources/swf/ships/gsrzkautnghc.swf
Tanikaze Kai,谷風改,313,1409,jdyqtxzmsyng,6,http://203.104.209.71/kcs/resources/swf/ships/jdyqtxzmsyng.swf
Akashi,明石,182,182,kynputhclcdl,11,http://203.104.209.71/kcs/resources/swf/ships/kynputhclcdl.swf
Akashi Kai,明石改,187,187,scobmrrdbmsw,12,http://203.104.209.71/kcs/resources/swf/ships/scobmrrdbmsw.swf
Sakawa,酒匂,140,140,vrtbgpzuepqx,1,http://203.104.209.71/kcs/resources/swf/ships/vrtbgpzuepqx.swf
Sakawa Kai,酒匂改,314,1410,kbdewgsfrkra,1,http://203.104.209.71/kcs/resources/swf/ships/kbdewgsfrkra.swf
Urakaze,浦風,168,168,cmupwurocdpn,6,http://203.104.209.71/kcs/resources/swf/ships/cmupwurocdpn.swf
Urakaze Kai,浦風改,317,1412,exedxncqauws,6,http://203.104.209.71/kcs/resources/swf/ships/exedxncqauws.swf
Haguro Kai2,羽黒改二,194,194,ecwgnneuzbcv,7,http://203.104.209.71/kcs/resources/swf/ships/ecwgnneuzbcv.swf
Ryuujou Kai2,龍驤改二,157,157,mslkutojcolj,9,http://203.104.209.71/kcs/resources/swf/ships/mslkutojcolj.swf
Hiryuu Kai2,飛龍改二,196,196,gbxvfsrqbyxg,10,http://203.104.209.71/kcs/resources/swf/ships/gbxvfsrqbyxg.swf
Souryuu Kai2,蒼龍改二,197,197,mwlzgwdjlpxx,10,http://203.104.209.71/kcs/resources/swf/ships/mwlzgwdjlpxx.swf
Taigei,大鯨,184,184,xumujwygrmby,1,http://203.104.209.71/kcs/resources/swf/ships/xumujwygrmby.swf
Ryuuhou,龍鳳,185,185,bfsrsnqivpms,1,http://203.104.209.71/kcs/resources/swf/ships/bfsrsnqivpms.swf
Ryuuhou Kai,龍鳳改,318,190,rjtnzguullvo,2,http://203.104.209.71/kcs/resources/swf/ships/rjtnzguullvo.swf
Sendai Kai2,川内改二,158,158,qpnrcirsvqcr,6,http://203.104.209.71/kcs/resources/swf/ships/qpnrcirsvqcr.swf
Ayanami Kai2,綾波改二,195,195,tiqezicxwpry,9,http://203.104.209.71/kcs/resources/swf/ships/tiqezicxwpry.swf
Myoukou Kai2,妙高改二,319,191,kadfixosusrf,9,http://203.104.209.71/kcs/resources/swf/ships/kadfixosusrf.swf
Haruna Kai2,榛名改二,151,151,ilxltdgucgbg,7,http://203.104.209.71/kcs/resources/swf/ships/ilxltdgucgbg.swf
Isokaze,磯風,167,167,bctrxdxrugqp,1,http://203.104.209.71/kcs/resources/swf/ships/bctrxdxrugqp.swf
Isokaze Kai,磯風改,320,1413,dyupugfxshtd,1,http://203.104.209.71/kcs/resources/swf/ships/dyupugfxshtd.swf
Ooyodo,大淀,183,183,uockopeurqdf,8,http://203.104.209.71/kcs/resources/swf/ships/uockopeurqdf.swf
Ooyodo Kai,大淀改,321,1414,gixbrtnuabge,9,http://203.104.209.71/kcs/resources/swf/ships/gixbrtnuabge.swf
Tokitsukaze,時津風,186,186,dljghewzktat,8,http://203.104.209.71/kcs/resources/swf/ships/dljghewzktat.swf
Tokitsukaze Kai,時津風改,322,1415,svglgiwjfyxn,8,http://203.104.209.71/kcs/resources/swf/ships/svglgiwjfyxn.swf
Unryuu,雲龍,404,201,xgoisifuerjd,1,http://203.104.209.71/kcs/resources/swf/ships/xgoisifuerjd.swf
Unryuu Kai,雲龍改,406,206,rqsbaiaqlunp,2,http://203.104.209.71/kcs/resources/swf/ships/rqsbaiaqlunp.swf
Harusame,春雨,405,205,dbtrdgatxdpl,2,http://203.104.209.71/kcs/resources/swf/ships/dbtrdgatxdpl.swf
Harusame Kai,春雨改,323,1416,cispmgxqaedk,3,http://203.104.209.71/kcs/resources/swf/ships/cispmgxqaedk.swf
Hayashimo,早霜,409,209,kgwxvcnblfjb,1,http://203.104.209.71/kcs/resources/swf/ships/kgwxvcnblfjb.swf
Hayashimo Kai,早霜改,324,1417,uvfgjekdjlcw,1,http://203.104.209.71/kcs/resources/swf/ships/uvfgjekdjlcw.swf
Kiyoshimo,清霜,410,210,gdbwncyaopob,1,http://203.104.209.71/kcs/resources/swf/ships/gdbwncyaopob.swf
Kiyoshimo Kai,清霜改,325,1418,xomrbwrvjwfv,1,http://203.104.209.71/kcs/resources/swf/ships/xomrbwrvjwfv.swf
Bismarck Drei,Bismarck drei,178,178,twvnkvqgyiru,5,http://203.104.209.71/kcs/resources/swf/ships/twvnkvqgyiru.swf
Jun'you Kai2,隼鷹改二,408,208,yyyfqcpumpxj,4,http://203.104.209.71/kcs/resources/swf/ships/yyyfqcpumpxj.swf
Prinz Eugen,Prinz Eugen,176,176,shcsmfegtxhf,9,http://203.104.209.71/kcs/resources/swf/ships/shcsmfegtxhf.swf
Prinz Eugen Kai,Prinz Eugen改,177,177,cmmiahpwdamx,10,http://203.104.209.71/kcs/resources/swf/ships/cmmiahpwdamx.swf
Hatsuharu Kai2,初春改二,326,204,xoiprnaxqxbj,10,http://203.104.209.71/kcs/resources/swf/ships/xoiprnaxqxbj.swf
Asagumo,朝雲,413,213,xjtxwkwwfdze,10,http://203.104.209.71/kcs/resources/swf/ships/xjtxwkwwfdze.swf
Asagumo Kai,朝雲改,327,1419,vdieczinfgce,9,http://203.104.209.71/kcs/resources/swf/ships/vdieczinfgce.swf
Nowaki,野分,415,215,skmmrmdljugc,9,http://203.104.209.71/kcs/resources/swf/ships/skmmrmdljugc.swf
Nowaki Kai,野分改,329,1421,qegrehgswrpg,10,http://203.104.209.71/kcs/resources/swf/ships/qegrehgswrpg.swf
Akizuki,秋月,421,221,wkvdcpaogfii,7,http://203.104.209.71/kcs/resources/swf/ships/wkvdcpaogfii.swf
Akizuki Kai,秋月改,330,1422,tubwmcjwtlqx,7,http://203.104.209.71/kcs/resources/swf/ships/tubwmcjwtlqx.swf
Fusou Kai2,扶桑改二,411,211,gmnsxwkdssmj,9,http://203.104.209.71/kcs/resources/swf/ships/gmnsxwkdssmj.swf
Yamashiro Kai2,山城改二,412,212,xjsgvmgfleuu,9,http://203.104.209.71/kcs/resources/swf/ships/xjsgvmgfleuu.swf
Yamagumo,山雲,414,214,xthvimkarzgq,9,http://203.104.209.71/kcs/resources/swf/ships/xthvimkarzgq.swf
Yamagumo Kai,山雲改,328,1420,pyfdxrfqwldn,5,http://203.104.209.71/kcs/resources/swf/ships/pyfdxrfqwldn.swf
Katori,香取,154,154,jtyqmhgstese,6,http://203.104.209.71/kcs/resources/swf/ships/jtyqmhgstese.swf
Katori Kai,香取改,343,1423,kexcbmpnmmwv,7,http://203.104.209.71/kcs/resources/swf/ships/kexcbmpnmmwv.swf
Amagi,天城,331,202,gmlbignzjwmq,3,http://203.104.209.71/kcs/resources/swf/ships/gmlbignzjwmq.swf
Amagi Kai,天城改,429,229,zgscfjpbxnir,5,http://203.104.209.71/kcs/resources/swf/ships/zgscfjpbxnir.swf
U-511,U-511,431,231,ksvosfducgbe,2,http://203.104.209.71/kcs/resources/swf/ships/ksvosfducgbe.swf
U-511 Kai,U-511改,334,1504,dfrmfmjvschh,3,http://203.104.209.71/kcs/resources/swf/ships/dfrmfmjvschh.swf
Ro-500,呂500,436,236,wnibjvejengh,6,http://203.104.209.71/kcs/resources/swf/ships/wnibjvejengh.swf
Asashimo,朝霜,425,225,cdsgjcufyxlz,3,http://203.104.209.71/kcs/resources/swf/ships/cdsgjcufyxlz.swf
Asashimo Kai,朝霜改,344,1424,jozbiyweyksl,4,http://203.104.209.71/kcs/resources/swf/ships/jozbiyweyksl.swf
Katsuragi,葛城,332,203,fgyvwqymkekn,2,http://203.104.209.71/kcs/resources/swf/ships/fgyvwqymkekn.swf
Katsuragi Kai,葛城改,430,230,bohmlbbvqtfs,2,http://203.104.209.71/kcs/resources/swf/ships/bohmlbbvqtfs.swf
Takanami,高波,424,224,hvxoppojkyge,5,http://203.104.209.71/kcs/resources/swf/ships/hvxoppojkyge.swf
Takanami Kai,高波改,345,1425,ydsbnsiogwij,5,http://203.104.209.71/kcs/resources/swf/ships/ydsbnsiogwij.swf
Littorio,Littorio,441,241,hkhkiqkleprp,6,http://203.104.209.71/kcs/resources/swf/ships/hkhkiqkleprp.swf
Italia,Italia,446,246,feyfhhruhjse,6,http://203.104.209.71/kcs/resources/swf/ships/feyfhhruhjse.swf
Roma,Roma,442,242,gyywcqqfnjkc,6,http://203.104.209.71/kcs/resources/swf/ships/gyywcqqfnjkc.swf
Roma Kai,Roma改,447,247,yfpnftpuwkrx,6,http://203.104.209.71/kcs/resources/swf/ships/yfpnftpuwkrx.swf
Akitsushima,秋津洲,445,245,oswtwcbzgbfm,5,http://203.104.209.71/kcs/resources/swf/ships/oswtwcbzgbfm.swf
Akitsushima Kai,秋津洲改,450,250,wwqmolrsxfvz,5,http://203.104.209.71/kcs/resources/swf/ships/wwqmolrsxfvz.swf
Libeccio,Libeccio,443,243,nsutzbtifaji,2,http://203.104.209.71/kcs/resources/swf/ships/nsutzbtifaji.swf
Libeccio Kai,Libeccio改,347,1427,rgfuelwdntub,2,http://203.104.209.71/kcs/resources/swf/ships/rgfuelwdntub.swf
Teruzuki,照月,422,222,fvcfdjvmxlko,2,http://203.104.209.71/kcs/resources/swf/ships/fvcfdjvmxlko.swf
Teruzuki Kai,照月改,346,1426,urpnkwaneqfb,2,http://203.104.209.71/kcs/resources/swf/ships/urpnkwaneqfb.swf
Mizuho,瑞穂,451,251,zqwwomufsbpq,2,http://203.104.209.71/kcs/resources/swf/ships/zqwwomufsbpq.swf
Mizuho Kai,瑞穂改,348,1428,ycgllqsxwdgy,2,http://203.104.209.71/kcs/resources/swf/ships/ycgllqsxwdgy.swf
Kazagumo,風雲,453,253,xooelfidumnp,2,http://203.104.209.71/kcs/resources/swf/ships/xooelfidumnp.swf
Kazagumo Kai,風雲改,349,1429,gykqxdkfpzih,2,http://203.104.209.71/kcs/resources/swf/ships/gykqxdkfpzih.swf
Umikaze,海風,458,258,rnmsjjndxlgj,2,http://203.104.209.71/kcs/resources/swf/ships/rnmsjjndxlgj.swf
Umikaze Kai,海風改,350,1430,djszrxlnhbuv,2,http://203.104.209.71/kcs/resources/swf/ships/djszrxlnhbuv.swf
Kawakaze,江風,459,259,jdpiljspxgpz,2,http://203.104.209.71/kcs/resources/swf/ships/jdpiljspxgpz.swf
Kawakaze Kai,江風改,351,1431,litugbpkilsf,2,http://203.104.209.71/kcs/resources/swf/ships/litugbpkilsf.swf
Hayasui,速吸,460,260,ajggcaaaocgh,2,http://203.104.209.71/kcs/resources/swf/ships/ajggcaaaocgh.swf
Hayasui Kai,速吸改,352,1432,niuenzxpukjq,2,http://203.104.209.71/kcs/resources/swf/ships/niuenzxpukjq.swf
